--Project 2 - RELATIONAL DATABASE DESIGN
CREATE DATABASE RELATIONAL_DATABASE_DESIGN;


CREATE TABLE ROLE (ID INT PRIMARY KEY, ROLE_NAME VARCHAR(100))
INSERT INTO ROLE VALUES
(6724, 'DATA SCIENTIST'),
(7839, 'POWER BI DEVELOPER'),
(7538, 'MSBI DEVELOPER'),
(3758, 'DATA ANALYTICS'),
(6388, 'SOFTWARE DEVELOPER')
select*from ROLE

CREATE TABLE USER_HAS_ROLE(ID INT PRIMARY KEY, ROLE_START_TIME DATETIME, ROLE_END_TIME TIMESTAMP NOT NULL,   --THERE CAN BE ONLY ONE TIMESTAMP DATATYPE IN A TABLE
USER_ACCOUNT_ID INT FOREIGN KEY REFERENCES USER_ACCOUNT(ID), ROLE_ID INT FOREIGN KEY REFERENCES ROLE(ID))

INSERT INTO USER_HAS_ROLE(ID, ROLE_START_TIME, USER_ACCOUNT_ID,ROLE_ID) --FOR DATATYPE TIMESTAMP NO NEED TO INPUT COLUMN NAME & VALUES AS IT WILL FETCH AUTOMATICALLY 
VALUES
(6744, '12:00:00', 3674, 6724),
(8945, '04:00:00', 3569, 7839),
(4782, '09:00:00', 4532, 7538),
(5673, '02:00:00', 7675, 3758),
(9802, '01:00:00', 6789, 6388)
select*from  USER_HAS_ROLE

CREATE TABLE USER_ACCOUNT(ID INT PRIMARY KEY, USER_NAME VARCHAR(100), EMAIL VARCHAR(254), PASSWORD VARCHAR(200),   
PASSWORD_SALT VARCHAR(50) NOT NULL, PASSWORD_HASH_ALGORITHM VARCHAR (50))

INSERT INTO USER_ACCOUNT VALUES
(3674, 'Tamal Sarkar', 'tamalsarkar405@gmail.com', 'Sydney@123', 'DDFH', '#356&'),
(3569, 'Tamal Sarkar', 'tamalsarkar404@gmail.com', 'Korea@123', '%YT$', '#HGY&'),
(4532, 'Tamal Sarkar', 'tamalsakar@gmail.com', '#tamal76t', 'L@TH4', '#&*HH'),
(7675, 'Abhishek Singh', 'abhisheksingh@gmail.com', 'abhishek@123', 'DGWN', '#673B'),
(6789, 'Akansha Verma', 'akanshaverma@gmail.com', 'Prurient@26', 'SVXK', '#734B')
select*from USER_ACCOUNT


CREATE TABLE USER_HAS_STATUS(ID INT PRIMARY KEY, STATUS_START_TIME DATETIME, STATUS_END_TIME TIMESTAMP NOT NULL,   --THERE CAN BE ONLY ONE TIMESTAMP DATATYPE IN A TABLE
USER_ACCOUNT_ID INT FOREIGN KEY REFERENCES USER_ACCOUNT(ID), STATUS_ID INT FOREIGN KEY REFERENCES STATUS(ID))

INSERT INTO USER_HAS_STATUS(ID, STATUS_START_TIME, USER_ACCOUNT_ID, STATUS_ID)
VALUES
(234, '12:00:00', 3674, 1),     --CAN INPUT ANY TIME IN STATUS_START_TIME
(333, '04:00:00', 3569, 2),
(678, '09:00:00', 4532, 3),
(320, '02:00:00', 7675, 4),
(114, '01:00:00', 6789, 5)
select*from USER_HAS_STATUS

CREATE TABLE STATUS(ID INT PRIMARY KEY, STATUS_NAME VARCHAR(100), IS_USER_WORKING BIT)     --BIT IS BINARY DATATYPE EG: 0(TRUE) & 1(FALSE)   
INSERT INTO STATUS VALUES
(3, 'COMPLETED', 0),
(5, 'WIP', 1),
(4, 'NOT COMPLETED', 0),
(2, 'COMPLETED', 1),
(1, 'WIP', 0)
select* from STATUS


